taskId,assignee,flow,createdTime,assignedTime,startDeliveryTime,finishDeliveryTime,estimatedDeliveryTime,taskStatus,deliveryStatus,deliveryStatusDetail,weight,deliveryFee,branchOrigin,branchDestination,packageContent,recipientName,recipientAddress,senderName,codAmount,paymentStatus,destinationCoordinate
d8f28b8e-4a43-4929-a1b2-1d5b72c6e3d1,Budi Santoso,delivery,2025-06-02T08:15:23Z,2025-06-02T08:30:11Z,2025-06-02T09:05:44Z,2025-06-02T11:45:12Z,2025-06-02T12:00:00Z,DONE,SUCCESS,"Diterima pemilik",2.5,22000,Jakarta Pusat Hub,Bekasi Sortation Center,Pakaian,Ahmad Subarjo,"Jl. Mawar No. 15, Bekasi Barat, 17135",Toko Fashionista,0,PAID,"-6.2383, 106.9756"
c1e9a3b2-7c8d-4f5e-8a6b-3d4c5e6f7a8b,Siti Aminah,delivery,2025-06-02T10:05:11Z,2025-06-02T10:15:00Z,2025-06-02T11:00:30Z,2025-06-02T14:20:55Z,2025-06-02T15:00:00Z,DONE,SUCCESS,"Diterima oleh anggota keluarga",0.8,15000,Bandung Hub,Cimahi Warehouse,Kosmetik,Dewi Lestari,"Jl. Melati No. 42, Cimahi, 40521",Beauty Corner,0,PAID,"-6.8732, 107.5428"
f3a4b5c6-8d9e-4a1b-9c8d-7e6f5a4b3c2d,,delivery,2025-06-02T11:30:00Z,,,,2025-06-03T18:00:00Z,UNASSIGNED,,,,5.1,35000,Surabaya Main Hub,Sidoarjo Branch,Elektronik,Rizky Pratama,"Jl. Anggrek No. 8, Sidoarjo, 61212",Gadget Store,0,PAID,"-7.4478, 112.7183"
a2b3c4d5-6e7f-8a9b-1c2d-3e4f5a6b7c8d,Eko Prasetyo,delivery,2025-06-03T09:00:15Z,2025-06-03T09:10:45Z,2025-06-03T09:45:00Z,,2025-06-04T13:00:00Z,ONGOING,,,,1.2,18000,Jakarta Selatan Hub,Depok Hub,Buku,Lina Marlina,"Jl. Kenanga No. 22, Depok, 16424",Bursa Buku,250000,COD,"-6.3974, 106.8224"
b9c8d7e6-5f4a-3b2c-1d9e-8a7b6c5d4e3f,Putu Wijaya,delivery,2025-06-03T14:25:30Z,2025-06-03T14:40:10Z,2025-06-03T15:10:22Z,2025-06-03T16:55:40Z,2025-06-03T17:00:00Z,DONE,FAILED,"Toko tutup",15.0,55000,Denpasar Hub,Kuta Warehouse,Peralatan Restoran,Made Suardika,"Jl. Sunset Road No. 101, Kuta, 80361",Bali Kitchen Supply,0,PAID,"-8.7204, 115.1729"
e1d2c3b4-a5f6-7a8b-9c1d-2e3f4a5b6c7d,Rina Hartono,delivery,2025-06-03T13:00:00Z,2025-06-03T13:15:20Z,2025-06-03T14:00:00Z,2025-06-03T17:30:15Z,2025-06-03T18:00:00Z,DONE,FAILED,"Alamat salah",0.5,12000,Yogyakarta Hub,Sleman Branch,Dokumen,Agus Salim,"Jl. Kaliurang Km. 10, Sleman, 55581",Notaris & PPAT,0,PAID,"-7.7154, 110.4005"
f7a8b9c1-d2e3-f4a5-b6c7-d8e9f1a2b3c4,Siti Aminah,delivery,2025-06-04T08:45:10Z,2025-06-04T09:00:00Z,2025-06-04T09:30:15Z,2025-06-04T11:15:00Z,2025-06-04T11:30:00Z,DONE,SUCCESS,"Diterima pemilik",3.2,28000,Semarang Hub,Ungaran Branch,Mainan Anak,Anisa Fitri,"Jl. Gatot Subroto No. 50, Ungaran, 50511",Toko Ceria,350000,COD,"-7.1391, 110.4057"
c5d4e3f2-a1b9-8c7d-6e5f-4a3b2c1d9e8a,Eko Prasetyo,delivery,2025-06-04T15:00:50Z,2025-06-04T15:10:00Z,2025-06-04T16:00:00Z,,2025-06-05T19:00:00Z,ONGOING,,,,20.0,75000,Jakarta Timur Hub,Tangerang Hub,Sparepart Motor,Joko Susilo,"Jl. Raya Serpong No. 99, Tangerang Selatan, 15310",Bengkel Maju Jaya,0,PAID,"-6.2915, 106.6583"
a9b8c7d6-e5f4-a3b2-c1d9-e8a7b6c5d4e3,Budi Santoso,delivery,2025-06-05T10:10:10Z,2025-06-05T10:25:00Z,2025-06-05T11:05:18Z,2025-06-05T13:40:25Z,2025-06-05T14:00:00Z,DONE,SUCCESS,"Ditaruh di resepsionis",1.0,16000,Jakarta Pusat Hub,Jakarta Selatan Hub,Dokumen,PT. Sejahtera Abadi,"Gedung Perkantoran ABC, Lt. 10, Jl. Sudirman Kav. 52-53, Jakarta Selatan, 12190",PT. Mitra Bersama,0,PAID,"-6.2253, 106.8096"
d1e9f8a7-b6c5-d4e3-f2a1-b9c8d7e6f5a4,Siti Aminah,delivery,2025-06-05T11:50:00Z,2025-06-05T12:00:00Z,2025-06-05T12:45:33Z,2025-06-05T15:00:00Z,2025-06-05T15:30:00Z,DONE,FAILED,"Tidak ada orang di rumah",4.5,33000,Bandung Hub,Lembang Branch,Makanan Kering,Ibu Kartini,"Jl. Raya Lembang No. 210, Lembang, 40391",Oleh-Oleh Priangan,0,PAID,"-6.8169, 107.6163"
b3c2d1e9-f8a7-b6c5-d4e3-f2a1b9c8d7e6,Eko Prasetyo,delivery,2025-06-06T09:20:40Z,2025-06-06T09:35:00Z,2025-06-06T10:15:00Z,2025-06-06T12:25:10Z,2025-06-06T13:00:00Z,DONE,SUCCESS,"Diterima pemilik",0.3,9000,Depok Hub,Bogor Branch,Aksesoris HP,Andi Wijaya,"Jl. Pajajaran No. 1, Bogor, 16128",Global Cellular,150000,COD,"-6.5950, 106.7942"
a1b2c3d4-e5f6-a7b8-c9d1-e2f3a4b5c6d7,,delivery,2025-06-07T10:00:00Z,,,,2025-06-08T12:00:00Z,UNASSIGNED,,,,7.8,42000,Medan Hub,Binjai Branch,Peralatan Rumah Tangga,Fatimah Siregar,"Jl. Soekarno-Hatta No. 30, Binjai, 20712",Home Decor ID,0,PAID,"3.6063, 98.4844"
e6f5a4b3-c2d1-e9f8-a7b6-c5d4e3f2a1b9,Putu Wijaya,delivery,2025-06-08T11:00:00Z,2025-06-08T11:10:10Z,2025-06-08T11:40:00Z,2025-06-08T14:50:15Z,2025-06-08T15:00:00Z,DONE,SUCCESS,"Diterima pemilik",2.0,25000,Denpasar Hub,Ubud Branch,Kerajinan Tangan,Jennifer Smith,"Jl. Monkey Forest, Ubud, 80571",Ubud Art Market,0,PAID,"-8.5069, 115.2625"
f8a7b6c5-d4e3-f2a1-b9c8-d7e6f5a4b3c2,Budi Santoso,delivery,2025-06-09T08:30:00Z,2025-06-09T08:45:00Z,2025-06-09T09:15:30Z,2025-06-09T11:00:00Z,2025-06-09T11:30:00Z,DONE,SUCCESS,"Diterima pemilik",1.7,19000,Jakarta Timur Hub,Bekasi Sortation Center,Buku,Rina Amelia,"Perumahan Harapan Indah Blok C No. 1, Bekasi, 17131",Gramedia Online,0,PAID,"-6.198, 106.963"
d7e6f5a4-b3c2-d1e9-f8a7-b6c5d4e3f2a1,Siti Aminah,delivery,2025-06-09T09:45:15Z,2025-06-09T10:00:00Z,2025-06-09T10:30:00Z,2025-06-09T13:15:45Z,2025-06-09T14:00:00Z,DONE,SUCCESS,"Diterima oleh anggota keluarga",0.9,16000,Bandung Hub,Soreang Warehouse,Pakaian Anak,Santi Susanti,"Jl. Raya Soreang No. 112, Soreang, 40911",Kiddie Wear,200000,COD,"-7.029, 107.52"
b6c5d4e3-f2a1-b9c8-d7e6-f5a4b3c2d1e9,Eko Prasetyo,delivery,2025-06-09T11:10:20Z,2025-06-09T11:25:00Z,2025-06-09T12:00:00Z,2025-06-09T15:05:10Z,2025-06-09T16:00:00Z,DONE,FAILED,"Penerima menolak paket",3.5,30000,Surabaya Main Hub,Mojokerto Branch,Elektronik,Agung Nugroho,"Jl. Majapahit No. 50, Mojokerto, 61311",Surabaya Elektronik,1500000,COD,"-7.469, 112.435"
f5a4b3c2-d1e9-f8a7-b6c5-d4e3f2a1b9c8,Rina Hartono,delivery,2025-06-10T10:20:30Z,2025-06-10T10:35:00Z,2025-06-10T11:10:00Z,2025-06-10T12:50:20Z,2025-06-10T13:30:00Z,DONE,SUCCESS,"Diterima pemilik",0.4,11000,Yogyakarta Hub,Bantul Branch,Aksesoris,Maria Christina,"Jl. Parangtritis Km. 5, Bantul, 55711",Jogja Craft,0,PAID,"-7.857, 110.35"
d4e3f2a1-b9c8-d7e6-f5a4-b3c2d1e9f8a7,Budi Santoso,delivery,2025-06-10T13:40:50Z,2025-06-10T13:55:00Z,2025-06-10T14:30:00Z,2025-06-10T16:20:00Z,2025-06-10T17:00:00Z,DONE,SUCCESS,"Ditaruh di satpam komplek",2.8,24000,Jakarta Barat Hub,Tangerang Hub,Sepatu,Kevin Sanjaya,"Cluster Modernland Blok D No. 8, Tangerang, 15117",Sports Station,0,PAID,"-6.202, 106.653"
b9c8d7e6-f5a4-b3c2-d1e9-f8a7b6c5d4e3,Siti Aminah,delivery,2025-06-11T09:00:00Z,2025-06-11T09:10:00Z,2025-06-11T09:40:15Z,2025-06-11T11:30:00Z,2025-06-11T12:00:00Z,DONE,SUCCESS,"Diterima pemilik",1.1,17000,Bandung Hub,Cimahi Warehouse,Buku,Rian Hidayat,"Jl. Jend. Sudirman No. 200, Cimahi, 40523",Toga Mas,180000,COD,"-6.879, 107.545"
f8a7b6c5-d4e3-f2a1-b9c8-d7e6f5a4b3c2,,delivery,2025-06-11T12:00:00Z,,,,2025-06-12T18:00:00Z,UNASSIGNED,,,,6.2,38000,Semarang Hub,Kudus Branch,Otomotif,Bambang Irawan,"Jl. Sunan Kudus No. 15, Kudus, 59311",Central Motor,0,PAID,"-6.805, 110.842"
d7e6f5a4-b3c2-d1e9-f8a7-b6c5d4e3f2a1,Eko Prasetyo,delivery,2025-06-12T08:55:10Z,2025-06-12T09:05:00Z,2025-06-12T09:35:40Z,2025-06-12T12:00:15Z,2025-06-12T12:30:00Z,DONE,FAILED,"Alamat tidak lengkap",2.2,25000,Surabaya Main Hub,Gresik Warehouse,Mainan,Linda Wati,"Kawasan Industri Gresik, Gresik, 61121",Toys Kingdom,0,PAID,"-7.15, 112.65"
b6c5d4e3-f2a1-b9c8-d7e6-f5a4b3c2d1e9,Putu Wijaya,delivery,2025-06-12T14:15:00Z,2025-06-12T14:30:00Z,2025-06-12T15:00:00Z,2025-06-12T17:45:30Z,2025-06-12T18:00:00Z,DONE,SUCCESS,"Diterima pemilik",8.0,45000,Denpasar Hub,Singaraja Branch,Peralatan Dapur,Gede Dharma,"Jl. Ngurah Rai No. 78, Singaraja, 81111",Rumah Kita,0,PAID,"-8.115, 115.09"
f5a4b3c2-d1e9-f8a7-b6c5-d4e3f2a1b9c8,Budi Santoso,delivery,2025-06-13T09:30:45Z,2025-06-13T09:45:00Z,2025-06-13T10:20:00Z,2025-06-13T13:00:00Z,2025-06-13T14:00:00Z,DONE,SUCCESS,"Diterima oleh ART",4.0,32000,Jakarta Selatan Hub,Bogor Branch,Elektronik,David Lee,"Vila Bogor Indah Blok E2 No. 5, Bogor, 16157",Hartono Elektronik,2500000,COD,"-6.55, 106.81"
d4e3f2a1-b9c8-d7e6-f5a4-b3c2d1e9f8a7,Rina Hartono,delivery,2025-06-13T11:00:00Z,2025-06-13T11:10:00Z,2025-06-13T11:45:00Z,2025-06-13T14:20:50Z,2025-06-13T15:00:00Z,DONE,FAILED,"Tidak ada orang di rumah",1.5,18000,Yogyakarta Hub,Klaten Branch,Kosmetik,Yuni Shara,"Jl. Pemuda No. 33, Klaten, 57411",Oriflame Jogja,0,PAID,"-7.706, 110.607"
b9c8d7e6-f5a4-b3c2-d1e9-f8a7b6c5d4e3,Siti Aminah,delivery,2025-06-14T10:15:00Z,2025-06-14T10:30:00Z,2025-06-14T11:00:00Z,2025-06-14T12:45:00Z,2025-06-14T13:00:00Z,DONE,SUCCESS,"Diterima pemilik",0.6,14000,Bandung Hub,Bandung Kota,Dokumen,CV. Jaya Makmur,"Jl. Asia Afrika No. 1, Bandung, 40111",Notaris Bandung,0,PAID,"-6.921, 107.607"
f8a7b6c5-d4e3-f2a1-b9c8-d7e6f5a4b3c2,Eko Prasetyo,delivery,2025-06-15T09:45:00Z,2025-06-15T10:00:00Z,2025-06-15T10:30:00Z,2025-06-15T13:00:00Z,2025-06-15T14:00:00Z,DONE,SUCCESS,"Diterima pemilik",3.3,29000,Surabaya Main Hub,Sidoarjo Branch,Pakaian,Indah Permata,"Perumahan Pondok Jati Blok F-10, Sidoarjo, 61218",Matahari Dept Store,0,PAID,"-7.46, 112.71"
d7e6f5a4-b3c2-d1e9-f8a7-b6c5d4e3f2a1,Budi Santoso,delivery,2025-06-16T08:20:18Z,2025-06-16T08:35:00Z,2025-06-16T09:10:00Z,,2025-06-17T12:00:00Z,ONGOING,,,,2.1,21000,Jakarta Pusat Hub,Jakarta Utara Hub,Makanan Beku,Restoran Seafood 99,"Jl. Pluit Karang Ayu No. 88, Jakarta Utara, 14450",Supplier Frozen Food,0,PAID,"-6.11, 106.79"
b6c5d4e3-f2a1-b9c8-d7e6-f5a4b3c2d1e9,Siti Aminah,delivery,2025-06-16T10:00:00Z,2025-06-16T10:10:00Z,2025-06-16T10:40:00Z,2025-06-16T13:50:40Z,2025-06-16T14:30:00Z,DONE,FAILED,"Toko tutup",18.0,60000,Bandung Hub,Tasikmalaya Branch,Bahan Kue,Toko Roti Lezat,"Jl. HZ. Mustofa No. 325, Tasikmalaya, 46121",Sinar Mas Baking,0,PAID,"-7.327, 108.22"
f5a4b3c2-d1e9-f8a7-b6c5-d4e3f2a1b9c8,Rina Hartono,delivery,2025-06-16T11:30:00Z,2025-06-16T11:45:00Z,2025-06-16T12:20:00Z,2025-06-16T14:00:00Z,2025-06-16T15:00:00Z,DONE,SUCCESS,"Diterima pemilik",0.7,15000,Yogyakarta Hub,Yogyakarta Kota,Kain Batik,Ibu Retno,"Jl. Malioboro No. 60, Yogyakarta, 55213",Batik Keris,550000,COD,"-7.792, 110.365"
d4e3f2a1-b9c8-d7e6-f5a4-b3c2d1e9f8a7,Eko Prasetyo,delivery,2025-06-17T09:10:55Z,2025-06-17T09:25:00Z,2025-06-17T10:00:00Z,2025-06-17T12:30:00Z,2025-06-17T13:00:00Z,DONE,SUCCESS,"Diterima oleh resepsionis kantor",1.3,18000,Surabaya Main Hub,Surabaya Timur,Dokumen Penting,PT. Maju Jaya,"Menara Palma Lt. 15, Jl. HR. Muhammad, Surabaya, 60226",Kantor Hukum & Rekan,0,PAID,"-7.289, 112.67"
b9c8d7e6-f5a4-b3c2-d1e9-f8a7b6c5d4e3,Putu Wijaya,delivery,2025-06-17T13:00:00Z,2025-06-17T13:10:00Z,2025-06-17T13:40:00Z,2025-06-17T16:00:00Z,2025-06-17T16:30:00Z,DONE,FAILED,"Alamat salah",2.4,28000,Denpasar Hub,Canggu Branch,Peralatan Selancar,Alex Johnson,"Jl. Batu Bolong No. 99, Canggu, 80361",Bali Surf Shop,0,PAID,"-8.65, 115.13"
f8a7b6c5-d4e3-f2a1-b9c8-d7e6f5a4b3c2,Budi Santoso,delivery,2025-06-18T10:40:10Z,2025-06-18T10:55:00Z,2025-06-18T11:30:00Z,2025-06-18T13:10:15Z,2025-06-18T14:00:00Z,DONE,SUCCESS,"Diterima pemilik",0.5,13000,Jakarta Barat Hub,Jakarta Pusat Hub,Undangan,Bapak Hermawan,"Hotel Indonesia Kempinski, Jl. MH Thamrin No. 1, Jakarta Pusat, 10310",Wedding Organizer,0,PAID,"-6.194, 106.822"
d7e6f5a4-b3c2-d1e9-f8a7-b6c5d4e3f2a1,,delivery,2025-06-18T14:00:00Z,,,,2025-06-19T18:00:00Z,UNASSIGNED,,,,9.0,48000,Semarang Hub,Solo Branch,Alat Musik,Gitar Akustik Yamaha,"Jl. Slamet Riyadi No. 273, Solo, 57141",Toko Nada,0,PAID,"-7.56, 110.82"
b6c5d4e3-f2a1-b9c8-d7e6-f5a4b3c2d1e9,Siti Aminah,delivery,2025-06-19T09:25:30Z,2025-06-19T09:40:00Z,2025-06-19T10:15:00Z,2025-06-19T12:05:00Z,2025-06-19T12:30:00Z,DONE,SUCCESS,"Diterima pemilik",1.9,20000,Bandung Hub,Jatinangor Branch,Buku Kuliah,Mahasiswa Unpad,"Jl. Raya Jatinangor Km. 21, Jatinangor, 45363",Penerbit Erlangga,450000,COD,"-6.93, 107.77"
f5a4b3c2-d1e9-f8a7-b6c5-d4e3f2a1b9c8,Eko Prasetyo,delivery,2025-06-19T11:15:00Z,2025-06-19T11:30:00Z,2025-06-19T12:00:00Z,2025-06-19T14:45:50Z,2025-06-19T15:30:00Z,DONE,FAILED,"Tidak ada orang di rumah",3.8,31000,Surabaya Main Hub,Malang Branch,Kamera,Andi Gunawan,"Jl. Ijen No. 25, Malang, 65115",Toko Kamera Pro,0,PAID,"-7.97, 112.62"
d4e3f2a1-b9c8-d7e6-f5a4-b3c2d1e9f8a7,Rina Hartono,delivery,2025-06-20T10:00:00Z,2025-06-20T10:15:00Z,2025-06-20T10:50:00Z,2025-06-20T13:00:00Z,2025-06-20T14:00:00Z,DONE,SUCCESS,"Diterima oleh anggota keluarga",2.6,23000,Yogyakarta Hub,Sleman Branch,Peralatan Masak,Ibu Endang,"Perumahan Casa Grande No. 123, Sleman, 55283",Panci Murah,0,PAID,"-7.75, 110.4"
b9c8d7e6-f5a4-b3c2-d1e9-f8a7b6c5d4e3,Budi Santoso,delivery,2025-06-20T13:30:00Z,2025-06-20T13:40:00Z,2025-06-20T14:10:00Z,2025-06-20T15:55:25Z,2025-06-20T16:30:00Z,DONE,SUCCESS,"Diterima pemilik",0.2,10000,Jakarta Pusat Hub,Jakarta Pusat Hub,Voucher Game,Rendy,"Mall Grand Indonesia, West Mall Lt. 5, Jakarta Pusat, 10310",Unipin,100000,COD,"-6.195, 106.822"
f8a7b6c5-d4e3-f2a1-b9c8-d7e6f5a4b3c2,Putu Wijaya,delivery,2025-06-21T10:30:00Z,2025-06-21T10:45:00Z,2025-06-21T11:15:00Z,2025-06-21T14:00:00Z,2025-06-21T15:00:00Z,DONE,SUCCESS,"Diterima pemilik",5.5,40000,Denpasar Hub,Seminyak Branch,Lukisan,Mr. Robert,"Villa Cantik, Jl. Kayu Aya, Seminyak, 80361",Bali Art Gallery,0,PAID,"-8.67, 115.15"
d7e6f5a4-b3c2-d1e9-f8a7-b6c5d4e3f2a1,Siti Aminah,delivery,2025-06-22T11:00:00Z,2025-06-22T11:15:00Z,2025-06-22T11:45:00Z,2025-06-22T13:30:00Z,2025-06-22T14:00:00Z,DONE,SUCCESS,"Diterima pemilik",1.4,18000,Bandung Hub,Lembang Branch,Produk Susu,Keluarga Pak Budi,"Farmhouse Lembang, Jl. Raya Lembang No. 108, Lembang, 40391",Lembang Milk,0,PAID,"-6.83, 107.6"
b6c5d4e3-f2a1-b9c8-d7e6-f5a4b3c2d1e9,Budi Santoso,delivery,2025-06-23T09:05:40Z,2025-06-23T09:20:00Z,2025-06-23T09:50:00Z,2025-06-23T11:40:10Z,2025-06-23T12:00:00Z,DONE,SUCCESS,"Diterima pemilik",0.9,16000,Jakarta Selatan Hub,Depok Hub,Obat-obatan,Apotek Century,"Margo City Mall, LG Floor, Depok, 16423",Kimia Farma,0,PAID,"-6.37, 106.83"
f5a4b3c2-d1e9-f8a7-b6c5-d4e3f2a1b9c8,Eko Prasetyo,delivery,2025-06-23T10:50:15Z,2025-06-23T11:05:00Z,2025-06-23T11:40:00Z,,2025-06-24T14:00:00Z,ONGOING,,,,7.1,41000,Surabaya Main Hub,Sidoarjo Branch,Peralatan Pancing,Hobi Mancing Club,"Jl. Pahlawan No. 1, Sidoarjo, 61212",Toko Pancing,0,PAID,"-7.45, 112.72"
d4e3f2a1-b9c8-d7e6-f5a4-b3c2d1e9f8a7,Rina Hartono,delivery,2025-06-23T13:10:00Z,2025-06-23T13:20:00Z,2025-06-23T13:50:00Z,2025-06-23T15:35:00Z,2025-06-23T16:00:00Z,DONE,FAILED,"Penerima menolak paket",2.0,22000,Yogyakarta Hub,Magelang Branch,Baju,Siska,"Jl. Jend. Sarwo Edhie Wibowo, Magelang, 56172",Ramayana Dept Store,300000,COD,"-7.49, 110.21"
b9c8d7e6-f5a4-b3c2-d1e9-f8a7b6c5d4e3,Siti Aminah,delivery,2025-06-24T09:40:00Z,2025-06-24T09:55:00Z,2025-06-24T10:30:00Z,2025-06-24T13:00:00Z,2025-06-24T13:30:00Z,DONE,SUCCESS,"Diterima oleh anggota keluarga",3.0,27000,Bandung Hub,Garut Branch,Jaket Kulit,Asep Sunandar,"Jl. Cimanuk, Garut Kota, 44111",Toko Kulit Asli,850000,COD,"-7.22, 107.9"
f8a7b6c5-d4e3-f2a1-b9c8-d7e6f5a4b3c2,Eko Prasetyo,delivery,2025-06-24T11:20:25Z,2025-06-24T11:35:00Z,2025-06-24T12:10:00Z,2025-06-24T14:50:00Z,2025-06-24T15:00:00Z,DONE,SUCCESS,"Ditaruh di resepsionis",1.6,20000,Surabaya Main Hub,Surabaya Barat,Parfum,Clara Wijaya,"Pakuwon Mall, Lt. G, Surabaya, 60216",C&F Perfumery,0,PAID,"-7.28, 112.67"
d7e6f5a4-b3c2-d1e9-f8a7-b6c5d4e3f2a1,Budi Santoso,delivery,2025-06-25T08:50:00Z,2025-06-25T09:00:00Z,2025-06-25T09:30:00Z,2025-06-25T11:20:30Z,2025-06-25T12:00:00Z,DONE,FAILED,"Alamat tidak ditemukan",2.9,26000,Jakarta Timur Hub,Cikarang Branch,Komponen PC,PC Builder Indonesia,"Kawasan Industri Jababeka, Cikarang, 17530",Enter Komputer,0,PAID,"-6.29, 107.15"
b6c5d4e3-f2a1-b9c8-d7e6-f5a4b3c2d1e9,,delivery,2025-06-25T12:30:00Z,,,,2025-06-26T18:00:00Z,UNASSIGNED,,,,12.5,52000,Semarang Hub,Pekalongan Branch,Kain Batik Tulis,Galeri Batik 123,"Jl. Hayam Wuruk No. 45, Pekalongan, 51111",Batik Pekalongan,0,PAID,"-6.89, 109.67"
f5a4b3c2-d1e9-f8a7-b6c5-d4e3f2a1b9c8,Putu Wijaya,delivery,2025-06-25T14:00:00Z,2025-06-25T14:10:00Z,2025-06-25T14:40:00Z,2025-06-25T16:30:00Z,2025-06-25T17:00:00Z,DONE,SUCCESS,"Diterima pemilik",0.8,18000,Denpasar Hub,Kuta Branch,Kacamata Hitam,Laura,"Beachwalk Shopping Center, Kuta, 80361",Optik Seis,0,PAID,"-8.71, 115.17"
d4e3f2a1-b9c8-d7e6-f5a4-b3c2d1e9f8a7,Rina Hartono,delivery,2025-06-26T09:55:50Z,2025-06-26T10:10:00Z,2025-06-26T10:45:00Z,2025-06-26T12:40:00Z,2025-06-26T13:00:00Z,DONE,SUCCESS,"Diterima pemilik",1.3,17000,Yogyakarta Hub,Yogyakarta Kota,Gudeg Kaleng,Wisatawan Asing,"Jl. Wijilan No. 10, Yogyakarta, 55151",Gudeg Yu Djum,250000,COD,"-7.8, 110.37"
b9c8d7e6-f5a4-b3c2-d1e9-f8a7b6c5d4e3,Eko Prasetyo,delivery,2025-06-26T11:40:00Z,2025-06-26T11:50:00Z,2025-06-26T12:25:00Z,2025-06-26T15:10:45Z,2025-06-26T16:00:00Z,DONE,FAILED,"Tidak ada orang di rumah",5.0,34000,Surabaya Main Hub,Malang Branch,Kopi Bubuk,Cafe Senja,"Jl. Soekarno Hatta, Malang, 65141",Malang Coffee Roaster,0,PAID,"-7.94, 112.61"
f8a7b6c5-d4e3-f2a1-b9c8-d7e6f5a4b3c2,Siti Aminah,delivery,2025-06-27T10:10:10Z,2025-06-27T10:20:00Z,2025-06-27T10:50:00Z,2025-06-27T13:20:00Z,2025-06-27T14:00:00Z,DONE,SUCCESS,"Diterima oleh anggota keluarga",2.2,21000,Bandung Hub,Cimahi Warehouse,Peralatan Bayi,Ibu Riska,"Jl. Amir Mahmud No. 500, Cimahi, 40521",Mothercare,0,PAID,"-6.87, 107.54"
d7e6f5a4-b3c2-d1e9-f8a7-b6c5d4e3f2a1,Budi Santoso,delivery,2025-06-27T13:00:00Z,2025-06-27T13:15:00Z,2025-06-27T13:45:00Z,2025-06-27T15:30:00Z,2025-06-27T16:00:00Z,DONE,SUCCESS,"Ditaruh di pos satpam",3.1,28000,Jakarta Selatan Hub,Tangerang Selatan Hub,Vitamin & Suplemen,Bapak Santoso,"BSD City, Sektor 1.2, Tangerang Selatan, 15318",Guardian,400000,COD,"-6.3, 106.66"
b6c5d4e3-f2a1-b9c8-d7e6-f5a4b3c2d1e9,Putu Wijaya,delivery,2025-06-28T10:45:00Z,2025-06-28T11:00:00Z,2025-06-28T11:30:00Z,2025-06-28T14:00:00Z,2025-06-28T15:00:00Z,DONE,SUCCESS,"Diterima pemilik",1.0,20000,Denpasar Hub,Sanur Branch,Topi Pantai,Turis Australia,"Jl. Danau Tamblingan, Sanur, 80228",Sanur Beach Market,0,PAID,"-8.69, 115.26"
f5a4b3c2-d1e9-f8a7-b6c5-d4e3f2a1b9c8,Eko Prasetyo,delivery,2025-06-29T11:00:00Z,2025-06-29T11:15:00Z,2025-06-29T11:45:00Z,2025-06-29T13:50:00Z,2025-06-29T14:00:00Z,DONE,SUCCESS,"Diterima pemilik",4.2,33000,Surabaya Main Hub,Sidoarjo Branch,Helm,Rider Sejati,"Jl. Ahmad Yani No. 12, Sidoarjo, 61212",Toko Helm Bagus,0,PAID,"-7.45, 112.71"
d4e3f2a1-b9c8-d7e6-f5a4-b3c2d1e9f8a7,Budi Santoso,delivery,2025-06-30T09:15:00Z,2025-06-30T09:30:00Z,2025-06-30T10:00:00Z,2025-06-30T12:15:50Z,2025-06-30T13:00:00Z,DONE,SUCCESS,"Diterima pemilik",2.0,20000,Jakarta Pusat Hub,Bekasi Sortation Center,Tas Laptop,Karyawan Swasta,"Summarecon Mall Bekasi, Bekasi, 17142",Urban Icon,750000,COD,"-6.24, 106.99"
b9c8d7e6-f5a4-b3c2-d1e9-f8a7b6c5d4e3,Rina Hartono,delivery,2025-06-30T10:30:00Z,2025-06-30T10:40:00Z,2025-06-30T11:10:00Z,,2025-07-01T14:00:00Z,ONGOING,,,,0.5,14000,Yogyakarta Hub,Sleman Branch,Casing HP,Mahasiswa UGM,"Pogung Lor, Sleman, 55284",Case Custom Jogja,0,PAID,"-7.76, 110.37"
f8a7b6c5-d4e3-f2a1-b9c8-d7e6f5a4b3c2,Siti Aminah,delivery,2025-06-30T14:00:00Z,2025-06-30T14:15:00Z,2025-06-30T14:45:00Z,2025-06-30T16:30:00Z,2025-06-30T17:00:00Z,DONE,FAILED,"Alamat salah",3.7,30000,Bandung Hub,Bandung Kota,Peralatan Fotografi,Studio Foto ABC,"Jl. Braga No. 111, Bandung, 40111",Toko Kamera Bandung,0,PAID,"-6.91, 107.6"
0d1e5f8a-9b2c-4d5e-8a6b-3d4c5e6f7a8b,Budi Santoso,delivery,2025-06-02T09:20:15Z,2025-06-02T09:35:00Z,2025-06-02T10:10:30Z,2025-06-02T12:50:45Z,2025-06-02T13:00:00Z,DONE,SUCCESS,"Diterima pemilik",3.1,25000,Jakarta Selatan Hub,Tangerang Selatan Hub,Elektronik,Bapak Wijaya,"BSD Green Office Park, Tangerang, 15345",Electronic City,0,PAID,"-6.3019, 106.653"
1e2f6a9b-8c3d-4f5e-8a6b-3d4c5e6f7a8b,Siti Aminah,delivery,2025-06-02T11:45:30Z,2025-06-02T12:00:00Z,2025-06-02T12:35:00Z,2025-06-02T15:15:20Z,2025-06-02T16:00:00Z,DONE,SUCCESS,"Diterima oleh ART",1.2,17000,Bandung Hub,Bandung Kota,Sembako,Ibu Aisyah,"Jl. Setiabudi No. 45, Bandung, 40141",Toko Kelontong Sejahtera,150000,COD,"-6.882, 107.60"
2f3a7b1c-7d8e-4a1b-9c8d-7e6f5a4b3c2d,Eko Prasetyo,delivery,2025-06-02T13:05:00Z,2025-06-02T13:15:00Z,2025-06-02T13:50:10Z,2025-06-02T16:30:00Z,2025-06-02T17:00:00Z,DONE,FAILED,"Alamat tidak lengkap",4.8,32000,Surabaya Main Hub,Malang Branch,Peralatan Olahraga,Coach Budi,"Stadion Gajayana, Malang, 65119",Sports Center,0,PAID,"-7.979, 112.62"
3a4b8c2d-6e7f-8a9b-1c2d-3e4f5a6b7c8d,Budi Santoso,delivery,2025-06-03T10:50:20Z,2025-06-03T11:00:00Z,2025-06-03T11:35:00Z,2025-06-03T14:00:55Z,2025-06-03T15:00:00Z,DONE,SUCCESS,"Diterima pemilik",0.6,14000,Jakarta Barat Hub,Jakarta Pusat Hub,Kosmetik,Jessica,"Plaza Indonesia, Jakarta Pusat, 10350",Sephora,0,PAID,"-6.193, 106.82"
4b5c9d3e-5f4a-3b2c-1d9e-8a7b6c5d4e3f,Putu Wijaya,delivery,2025-06-03T15:00:00Z,2025-06-03T15:10:00Z,2025-06-03T15:40:22Z,2025-06-03T18:10:40Z,2025-06-03T18:30:00Z,DONE,FAILED,"Tidak ada orang di rumah",6.2,40000,Denpasar Hub,Jimbaran Branch,Hiasan Dinding,Villa Sunset,"Jl. Uluwatu II, Jimbaran, 80361",Bali Handicraft,0,PAID,"-8.78, 115.16"
5c6d1e4f-a5f6-7a8b-9c1d-2e3f4a5b6c7d,Rina Hartono,delivery,2025-06-04T09:10:45Z,2025-06-04T09:25:00Z,2025-06-04T10:00:00Z,2025-06-04T11:50:15Z,2025-06-04T12:00:00Z,DONE,SUCCESS,"Diterima pemilik",1.8,19000,Yogyakarta Hub,Yogyakarta Kota,Kopi Luwak,Mr. John,"Hotel Phoenix, Yogyakarta, 55231",Kopi Jogja,350000,COD,"-7.782, 110.37"
6d7e2f5a-b6c7-d8e9-f1a2-b3c4d5e6f7a8,Siti Aminah,delivery,2025-06-04T11:25:50Z,2025-06-04T11:40:00Z,2025-06-04T12:15:00Z,2025-06-04T14:30:00Z,2025-06-04T15:00:00Z,DONE,SUCCESS,"Diterima oleh anggota keluarga",2.4,23000,Bandung Hub,Lembang Branch,Tanaman Hias,Ibu Flora,"Jl. Grand Hotel No. 33, Lembang, 40391",Lembang Flora,0,PAID,"-6.82, 107.61"
7e8f3a6b-c7d8-e9f1-a2b3-c4d5e6f7a8b9,Eko Prasetyo,delivery,2025-06-05T08:40:00Z,2025-06-05T08:50:00Z,2025-06-05T09:20:30Z,2025-06-05T11:55:00Z,2025-06-05T12:30:00Z,DONE,SUCCESS,"Ditaruh di pos satpam",10.5,50000,Surabaya Main Hub,Gresik Warehouse,Bahan Kimia Industri,PT. Kimia Farma,"Jl. Raya Roomo, Gresik, 61119",Brataco,0,PAID,"-7.17, 112.64"
8f9a4b7c-d8e9-f1a2-b3c4-d5e6f7a8b9c1,,delivery,2025-06-05T14:00:00Z,,,,2025-06-06T18:00:00Z,UNASSIGNED,,,,0.2,10000,Medan Hub,Medan Kota,Kartu Ucapan,Toko Kado Ceria,"Jl. Gatot Subroto, Medan, 20112",Hallmark,0,PAID,"3.59, 98.67"
9a1b5c8d-e9f1-a2b3-c4d5-e6f7a8b9c1d2,Budi Santoso,delivery,2025-06-06T10:00:00Z,2025-06-06T10:10:00Z,2025-06-06T10:45:00Z,2025-06-06T12:30:20Z,2025-06-06T13:00:00Z,DONE,SUCCESS,"Diterima pemilik",1.5,18000,Jakarta Pusat Hub,Jakarta Barat Hub,Peralatan Tulis,Toko Buku Gunung Agung,"Mall Taman Anggrek, Jakarta Barat, 11470",Faber-Castell,200000,COD,"-6.17, 106.79"
a2b6c9d1-f1a2-b3c4-d5e6-f7a8b9c1d2e3,Siti Aminah,delivery,2025-06-06T13:15:00Z,2025-06-06T13:30:00Z,2025-06-06T14:00:00Z,2025-06-06T16:45:00Z,2025-06-06T17:00:00Z,DONE,FAILED,"Toko tutup",7.0,42000,Bandung Hub,Tasikmalaya Branch,Kain Gordyn,Ibu Desain,"Jl. Yudanegara, Tasikmalaya, 46121",Toko Gorden Mewah,0,PAID,"-7.33, 108.22"
b3c7d1e2-a2b3-c4d5-e6f7-a8b9c1d2e3f4,Putu Wijaya,delivery,2025-06-07T09:30:00Z,2025-06-07T09:45:00Z,2025-06-07T10:15:00Z,2025-06-07T12:00:00Z,2025-06-07T13:00:00Z,DONE,SUCCESS,"Diterima pemilik",0.5,15000,Denpasar Hub,Denpasar Kota,Bunga,Toko Bunga Asri,"Jl. Teuku Umar, Denpasar, 80113",Florist Bali,0,PAID,"-8.67, 115.21"
c4d8e2f3-b3c4-d5e6-f7a8-b9c1d2e3f4a5,Rina Hartono,delivery,2025-06-08T10:00:00Z,2025-06-08T10:15:00Z,2025-06-08T10:45:00Z,2025-06-08T13:00:00Z,2025-06-08T14:00:00Z,DONE,SUCCESS,"Diterima oleh anggota keluarga",2.8,24000,Yogyakarta Hub,Solo Branch,Oleh-oleh Bakpia,Keluarga di Solo,"Jl. Adi Sucipto, Solo, 57174",Bakpia Pathok 25,0,PAID,"-7.55, 110.79"
d5e9f3a4-c4d5-e6f7-a8b9-c1d2e3f4a5b6,Budi Santoso,delivery,2025-06-09T11:40:30Z,2025-06-09T11:50:00Z,2025-06-09T12:20:00Z,2025-06-09T14:10:40Z,2025-06-09T15:00:00Z,DONE,SUCCESS,"Diterima pemilik",1.2,17000,Jakarta Timur Hub,Cibubur Branch,Mainan Edukasi,Anak Cerdas,"Mall Ciputra Cibubur, Cileungsi, 16820",Edukasi Toys,300000,COD,"-6.36, 106.94"
e6f1a4b5-d5e6-f7a8-b9c1-d2e3f4a5b6c7,Siti Aminah,delivery,2025-06-09T14:50:00Z,2025-06-09T15:00:00Z,2025-06-09T15:30:00Z,2025-06-09T17:20:10Z,2025-06-09T18:00:00Z,DONE,FAILED,"Alamat salah",0.7,15000,Bandung Hub,Cimahi Warehouse,Aksesoris Fashion,Nona Gaya,"Jl. Gatot Subroto No. 123, Cimahi, 40521",Fashionista Accs,0,PAID,"-6.87, 107.54"
f7a2b5c6-e6f7-a8b9-c1d2-e3f4a5b6c7d8,Eko Prasetyo,delivery,2025-06-10T09:00:00Z,2025-06-10T09:10:00Z,2025-06-10T09:40:00Z,,2025-06-11T13:00:00Z,ONGOING,,,,4.5,34000,Surabaya Main Hub,Sidoarjo Branch,Peralatan Kopi,Kedai Kopi Pagi,"Jl. Kahuripan Raya, Sidoarjo, 61271",Otten Coffee,0,PAID,"-7.44, 112.7"
a8b3c6d7-f7a8-b9c1-d2e3-f4a5b6c7d8e9,Budi Santoso,delivery,2025-06-10T10:30:00Z,2025-06-10T10:45:00Z,2025-06-10T11:15:00Z,2025-06-10T13:00:00Z,2025-06-10T14:00:00Z,DONE,SUCCESS,"Diterima oleh resepsionis kantor",2.0,20000,Jakarta Pusat Hub,Jakarta Selatan Hub,Dokumen Perusahaan,PT. Investama,"Equity Tower, SCBD, Jakarta, 12190",Kantor Notaris,0,PAID,"-6.22, 106.8"
b9c4d7e8-a8b9-c1d2-e3f4-a5b6c7d8e9f1,Rina Hartono,delivery,2025-06-11T11:00:00Z,2025-06-11T11:15:00Z,2025-06-11T11:45:00Z,2025-06-11T14:00:00Z,2025-06-11T14:30:00Z,DONE,SUCCESS,"Diterima pemilik",1.0,16000,Yogyakarta Hub,Sleman Branch,Herbal,Toko Sehat Alami,"Jl. Gejayan, Sleman, 55281",Jamu Ibu,120000,COD,"-7.77, 110.39"
c1d5e8f9-b9c1-d2e3-f4a5-b6c7d8e9f1a2,,delivery,2025-06-11T15:00:00Z,,,,2025-06-12T18:00:00Z,UNASSIGNED,,,,8.5,46000,Semarang Hub,Demak Branch,Furnitur,Bapak Adi,"Jl. Sultan Fatah, Demak, 59511",IKEA Online,0,PAID,"-6.89, 110.63"
d2e6f9a1-c1d2-e3f4-a5b6-c7d8e9f1a2b3,Eko Prasetyo,delivery,2025-06-12T10:10:10Z,2025-06-12T10:20:00Z,2025-06-12T10:50:00Z,2025-06-12T13:30:45Z,2025-06-12T14:00:00Z,DONE,FAILED,"Penerima menolak paket",3.0,28000,Surabaya Main Hub,Surabaya Timur,Baju,Nona Fashion,"Galaxy Mall, Surabaya, 60115",Zalora,450000,COD,"-7.27, 112.78"
e3f7a1b2-d2e3-f4a5-b6c7-d8e9f1a2b3c4,Putu Wijaya,delivery,2025-06-12T13:45:00Z,2025-06-12T14:00:00Z,2025-06-12T14:30:00Z,2025-06-12T16:15:00Z,2025-06-12T17:00:00Z,DONE,SUCCESS,"Diterima pemilik",2.5,28000,Denpasar Hub,Nusa Dua Branch,Peralatan Golf,Mr. Tanaka,"Bali National Golf Club, Nusa Dua, 80363",Golf House,0,PAID,"-8.8, 115.22"
f4a8b2c3-e3f4-a5b6-c7d8-e9f1a2b3c4d5,Budi Santoso,delivery,2025-06-13T08:50:50Z,2025-06-13T09:00:00Z,2025-06-13T09:30:00Z,2025-06-13T11:05:10Z,2025-06-13T11:30:00Z,DONE,SUCCESS,"Ditaruh di lobi apartemen",0.8,15000,Jakarta Selatan Hub,Jakarta Selatan Hub,Buku Impor,Bookworm Club,"Apartemen Bellagio, Mega Kuningan, 12950",Periplus,0,PAID,"-6.22, 106.82"
a5b9c3d4-f4a5-b6c7-d8e9-f1a2b3c4d5e6,Siti Aminah,delivery,2025-06-13T10:40:00Z,2025-06-13T10:50:00Z,2025-06-13T11:20:00Z,2025-06-13T13:55:00Z,2025-06-13T14:30:00Z,DONE,FAILED,"Tidak ada orang di rumah",1.4,18000,Bandung Hub,Soreang Warehouse,Perlengkapan Bayi,Ibu Hamil,"Jl. Terusan Kopo, Soreang, 40911",Baby Shop,0,PAID,"-7.02, 107.51"
b6c1d4e5-a5b6-c7d8-e9f1-a2b3c4d5e6f7,Eko Prasetyo,delivery,2025-06-14T09:00:00Z,2025-06-14T09:15:00Z,2025-06-14T09:45:00Z,2025-06-14T11:30:00Z,2025-06-14T12:00:00Z,DONE,SUCCESS,"Diterima pemilik",5.0,35000,Surabaya Main Hub,Sidoarjo Branch,Action Figure,Kolektor Mainan,"Citra Garden, Sidoarjo, 61271",Multi Toys,800000,COD,"-7.47, 112.69"
c7d2e5f6-b6c7-d8e9-f1a2-b3c4d5e6f7a8,Rina Hartono,delivery,2025-06-15T10:30:00Z,2025-06-15T10:40:00Z,2025-06-15T11:10:00Z,2025-06-15T12:45:00Z,2025-06-15T13:00:00Z,DONE,SUCCESS,"Diterima pemilik",0.3,12000,Yogyakarta Hub,Yogyakarta Kota,Undangan Pernikahan,Calon Pengantin,"The Alana Hotel, Yogyakarta, 55581",Percetakan Express,0,PAID,"-7.74, 110.4"
d8e3f6a7-c7d8-e9f1-a2b3-c4d5e6f7a8b9,Budi Santoso,delivery,2025-06-16T09:45:10Z,2025-06-16T10:00:00Z,2025-06-16T10:30:00Z,2025-06-16T12:20:30Z,2025-06-16T13:00:00Z,DONE,SUCCESS,"Diterima pemilik",2.6,23000,Jakarta Barat Hub,Tangerang Hub,Kue Kering Lebaran,Keluarga Besar,"Jl. Kisamaun, Tangerang, 15118",Holland Bakery,0,PAID,"-6.17, 106.63"
e9f4a7b8-d8e9-f1a2-b3c4-d5e6f7a8b9c1,Siti Aminah,delivery,2025-06-16T11:15:00Z,2025-06-16T11:30:00Z,2025-06-16T12:00:00Z,2025-06-16T14:40:50Z,2025-06-16T15:00:00Z,DONE,FAILED,"Alamat tidak ditemukan",1.8,20000,Bandung Hub,Cimahi Warehouse,Bahan Sablon,Sablon Kaos Bandung,"Jl. Industri, Cimahi, 40533",Toko Kain,0,PAID,"-6.88, 107.56"
f1a5b8c9-e9f1-a2b3-c4d5-e6f7a8b9c1d2,Eko Prasetyo,delivery,2025-06-17T08:30:00Z,2025-06-17T08:40:00Z,2025-06-17T09:10:00Z,,2025-06-18T12:00:00Z,ONGOING,,,,25.0,85000,Surabaya Main Hub,Gresik Warehouse,Mesin Pompa Air,Toko Bangunan Modern,"Jl. Panglima Sudirman, Gresik, 61111",Sumber Teknik,0,PAID,"-7.16, 112.65"
a2b6c9d1-f1a2-b3c4-d5e6-f7a8b9c1d2e3,Putu Wijaya,delivery,2025-06-17T10:20:40Z,2025-06-17T10:30:00Z,2025-06-17T11:00:00Z,2025-06-17T13:15:00Z,2025-06-17T14:00:00Z,DONE,SUCCESS,"Diterima pemilik",3.4,30000,Denpasar Hub,Ubud Branch,Patung Kayu,Art Collector,"Jl. Bisma, Ubud, 80571",Ubud Souvenir,1200000,COD,"-8.5, 115.26"
b3c7d1e2-a2b3-c4d5-e6f7-a8b9c1d2e3f4,Budi Santoso,delivery,2025-06-18T11:50:00Z,2025-06-18T12:00:00Z,2025-06-18T12:30:00Z,2025-06-18T14:00:00Z,2025-06-18T14:30:00Z,DONE,SUCCESS,"Ditaruh di dropbox",0.4,12000,Jakarta Pusat Hub,Jakarta Pusat Hub,Tiket Konser,Fan Club,Stadion Gelora Bung Karno, Jakarta, 10270,Loket.com,0,PAID,"-6.21, 106.8"
c4d8e2f3-b3c4-d5e6-f7a8-b9c1d2e3f4a5,Rina Hartono,delivery,2025-06-18T14:10:15Z,2025-06-18T14:20:00Z,2025-06-18T14:50:00Z,2025-06-18T16:30:00Z,2025-06-18T17:00:00Z,DONE,FAILED,"Tidak ada orang di rumah",2.1,21000,Yogyakarta Hub,Klaten Branch,Pupuk Organik,Petani Maju,"Jl. Raya Yogya-Solo Km. 20, Klaten, 57454",Toko Tani,0,PAID,"-7.68, 110.65"
d5e9f3a4-c4d5-e6f7-a8b9-c1d2e3f4a5b6,,delivery,2025-06-19T09:00:00Z,,,,2025-06-20T18:00:00Z,UNASSIGNED,,,,6.8,40000,Medan Hub,Tebing Tinggi Branch,Makanan Ringan,Warung Snack,"Jl. Sudirman, Tebing Tinggi, 20611",Indofood,0,PAID,"3.33, 99.16"
e6f1a4b5-d5e6-f7a8-b9c1-d2e3f4a5b6c7,Siti Aminah,delivery,2025-06-19T10:45:00Z,2025-06-19T11:00:00Z,2025-06-19T11:30:00Z,2025-06-19T13:45:30Z,2025-06-19T14:00:00Z,DONE,SUCCESS,"Diterima oleh anggota keluarga",1.6,19000,Bandung Hub,Bandung Kota,Kaos Distro,Anak Muda Keren,"Jl. Cihampelas No. 160, Bandung, 40131",3Second,250000,COD,"-6.89, 107.6"
f7a2b5c6-e6f7-a8b9-c1d2-e3f4a5b6c7d8,Eko Prasetyo,delivery,2025-06-20T11:30:00Z,2025-06-20T11:40:00Z,2025-06-20T12:10:00Z,2025-06-20T14:20:10Z,2025-06-20T15:00:00Z,DONE,SUCCESS,"Diterima pemilik",3.9,32000,Surabaya Main Hub,Malang Branch,Novel Terbaru,Pecinta Buku,"Jl. Veteran, Malang, 65145",Gramedia,0,PAID,"-7.96, 112.61"
a8b3c6d7-f7a8-b9c1-d2e3-f4a5b6c7d8e9,Budi Santoso,delivery,2025-06-20T13:00:00Z,2025-06-20T13:10:00Z,2025-06-20T13:40:00Z,2025-06-20T15:10:00Z,2025-06-20T16:00:00Z,DONE,FAILED,"Alamat tidak ditemukan",2.3,22000,Jakarta Timur Hub,Bekasi Sortation Center,Peralatan Gaming,Gamer Sejati,"Grand Metropolitan Mall, Bekasi, 17148",Razer Store,0,PAID,"-6.25, 106.99"
b9c4d7e8-a8b9-c1d2-e3f4-a5b6c7d8e9f1,Putu Wijaya,delivery,2025-06-21T09:15:00Z,2025-06-21T09:30:00Z,2025-06-21T10:00:00Z,2025-06-21T12:00:00Z,2025-06-21T13:00:00Z,DONE,SUCCESS,"Diterima pemilik",4.0,35000,Denpasar Hub,Canggu Branch,Papan Surfing,Surfer Pro,"Echo Beach, Canggu, 80361",Rip Curl,0,PAID,"-8.65, 115.12"
c1d5e8f9-b9c1-d2e3-f4a5-b6c7d8e9f1a2,Siti Aminah,delivery,2025-06-22T10:00:00Z,2025-06-22T10:10:00Z,2025-06-22T10:40:00Z,2025-06-22T12:30:00Z,2025-06-22T13:00:00Z,DONE,SUCCESS,"Diterima pemilik",1.2,17000,Bandung Hub,Bandung Kota,Coklat,Choco Lover,"Jl. Riau No. 18, Bandung, 40113",The Harvest,0,PAID,"-6.9, 107.62"
d2e6f9a1-c1d2-e3f4-a5b6-c7d8e9f1a2b3,Budi Santoso,delivery,2025-06-23T09:50:40Z,2025-06-23T10:00:00Z,2025-06-23T10:30:00Z,2025-06-23T12:10:10Z,2025-06-23T12:30:00Z,DONE,SUCCESS,"Diterima pemilik",0.7,15000,Jakarta Selatan Hub,Depok Hub,Lensa Kontak,Mata Indah,"Detos, Depok, 16424",Optik Melawai,250000,COD,"-6.37, 106.83"
e3f7a1b2-d2e3-f4a5-b6c7-d8e9f1a2b3c4,Eko Prasetyo,delivery,2025-06-23T11:00:00Z,2025-06-23T11:10:00Z,2025-06-23T11:40:00Z,,2025-06-24T15:00:00Z,ONGOING,,,,5.6,36000,Surabaya Main Hub,Sidoarjo Branch,Diecast,Komunitas Tomica,"Sun City Mall, Sidoarjo, 61212",Toys City,0,PAID,"-7.45, 112.71"
f4a8b2c3-e3f4-a5b6-c7d8-e9f1a2b3c4d5,Rina Hartono,delivery,2025-06-23T13:20:00Z,2025-06-23T13:30:00Z,2025-06-23T14:00:00Z,2025-06-23T15:45:00Z,2025-06-23T16:00:00Z,DONE,FAILED,"Penerima menolak paket",2.5,23000,Yogyakarta Hub,Magelang Branch,Sepatu Lari,Pelari Cepat,"Stadion Moch Soebroto, Magelang, 56116",Adidas Store,950000,COD,"-7.48, 110.22"
a5b9c3d4-f4a5-b6c7-d8e9-f1a2b3c4d5e6,Siti Aminah,delivery,2025-06-24T09:30:00Z,2025-06-24T09:45:00Z,2025-06-24T10:15:00Z,2025-06-24T12:50:00Z,2025-06-24T13:00:00Z,DONE,SUCCESS,"Diterima oleh anggota keluarga",3.3,28000,Bandung Hub,Garut Branch,Dodol Garut,Oleh-oleh Center,"Jl. Otista, Garut, 44151",Picnic,0,PAID,"-7.2, 107.88"
b6c1d4e5-a5b6-c7d8-e9f1-a2b3c4d5e6f7,Eko Prasetyo,delivery,2025-06-24T11:10:25Z,2025-06-24T11:25:00Z,2025-06-24T12:00:00Z,2025-06-24T14:40:00Z,2025-06-24T15:00:00Z,DONE,SUCCESS,"Ditaruh di resepsionis",1.9,22000,Surabaya Main Hub,Surabaya Barat,Skincare,Beauty Blogger,"Ciputra World, Surabaya, 60224",The Body Shop,0,PAID,"-7.29, 112.72"
c7d2e5f6-b6c7-d8e9-f1a2-b3c4d5e6f7a8,Budi Santoso,delivery,2025-06-25T08:40:00Z,2025-06-25T08:50:00Z,2025-06-25T09:20:00Z,2025-06-25T11:10:30Z,2025-06-25T11:30:00Z,DONE,FAILED,"Alamat tidak ditemukan",3.0,27000,Jakarta Timur Hub,Cikarang Branch,Ban Motor,Bengkel Motor Cepat,"Lippo Cikarang, Cikarang, 17550",Planet Ban,0,PAID,"-6.32, 107.14"
d8e3f6a7-c7d8-e9f1-a2b3-c4d5e6f7a8b9,,delivery,2025-06-25T12:00:00Z,,,,2025-06-26T18:00:00Z,UNASSIGNED,,,,11.0,50000,Semarang Hub,Pati Branch,Sprei & Bedcover,Ibu Rumah Tangga,"Jl. Pemuda, Pati, 59116",King Koil,0,PAID,"-6.75, 111.03"
e9f4a7b8-d8e9-f1a2-b3c4-d5e6f7a8b9c1,Putu Wijaya,delivery,2025-06-25T14:30:00Z,2025-06-25T14:40:00Z,2025-06-25T15:10:00Z,2025-06-25T16:50:00Z,2025-06-25T17:00:00Z,DONE,SUCCESS,"Diterima pemilik",0.6,17000,Denpasar Hub,Kuta Branch,Baju Pantai,Wisatawan,"Discovery Shopping Mall, Kuta, 80361",Billabong,0,PAID,"-8.72, 115.16"
f1a5b8c9-e9f1-a2b3-c4d5-e6f7a8b9c1d2,Rina Hartono,delivery,2025-06-26T09:40:50Z,2025-06-26T10:00:00Z,2025-06-26T10:35:00Z,2025-06-26T12:30:00Z,2025-06-26T13:00:00Z,DONE,SUCCESS,"Diterima pemilik",1.5,18000,Yogyakarta Hub,Yogyakarta Kota,Blangkon,Pusat Oleh-oleh,"Pasar Beringharjo, Yogyakarta, 55122",Mirota Batik,150000,COD,"-7.79, 110.36"
a2b6c9d1-f1a2-b3c4-d5e6-f7a8b9c1d2e3,Eko Prasetyo,delivery,2025-06-26T11:50:00Z,2025-06-26T12:00:00Z,2025-06-26T12:35:00Z,2025-06-26T15:20:45Z,2025-06-26T16:00:00Z,DONE,FAILED,"Tidak ada orang di rumah",4.8,35000,Surabaya Main Hub,Malang Branch,Teh Herbal,Kafe Sehat,"Jl. Bromo, Malang, 65112",Havilla Tea,0,PAID,"-7.98, 112.63"
b3c7d1e2-a2b3-c4d5-e6f7-a8b9c1d2e3f4,Siti Aminah,delivery,2025-06-27T10:00:10Z,2025-06-27T10:10:00Z,2025-06-27T10:40:00Z,2025-06-27T13:10:00Z,2025-06-27T14:00:00Z,DONE,SUCCESS,"Diterima oleh anggota keluarga",2.5,22000,Bandung Hub,Cimahi Warehouse,Tas Sekolah,Anak SD Ceria,"Jl. Cihanjuang, Cimahi, 40513",Eiger,350000,COD,"-6.86, 107.57"
c4d8e2f3-b3c4-d5e6-f7a8-b9c1d2e3f4a5,Budi Santoso,delivery,2025-06-27T13:30:00Z,2025-06-27T13:45:00Z,2025-06-27T14:15:00Z,2025-06-27T16:00:00Z,2025-06-27T16:30:00Z,DONE,SUCCESS,"Ditaruh di pos satpam",3.5,30000,Jakarta Selatan Hub,Tangerang Selatan Hub,Bola Basket,Anak Komplek,"The Breeze BSD City, Tangerang, 15345",NBA Store,0,PAID,"-6.3, 106.64"
d5e9f3a4-c4d5-e6f7-a8b9-c1d2e3f4a5b6,Putu Wijaya,delivery,2025-06-28T10:50:00Z,2025-06-28T11:00:00Z,2025-06-28T11:30:00Z,2025-06-28T14:10:00Z,2025-06-28T15:00:00Z,DONE,SUCCESS,"Diterima pemilik",1.2,22000,Denpasar Hub,Sanur Branch,Kain Endek,Pecinta Kain Tradisional,"Jl. Hang Tuah, Sanur, 80227",Kain Bali,0,PAID,"-8.68, 115.26"
e6f1a4b5-d5e6-f7a8-b9c1-d2e3f4a5b6c7,Eko Prasetyo,delivery,2025-06-29T11:30:00Z,2025-06-29T11:45:00Z,2025-06-29T12:15:00Z,2025-06-29T14:20:00Z,2025-06-29T15:00:00Z,DONE,SUCCESS,"Diterima pemilik",4.0,32000,Surabaya Main Hub,Sidoarjo Branch,Jam Tangan,Kolektor Jam,"Pakuwon City Mall, Surabaya, 60112",Watch Club,1500000,COD,"-7.28, 112.79"
f7a2b5c6-e6f7-a8b9-c1d2-e3f4a5b6c7d8,Budi Santoso,delivery,2025-06-30T09:00:00Z,2025-06-30T09:15:00Z,2025-06-30T09:45:00Z,2025-06-30T12:00:50Z,2025-06-30T12:30:00Z,DONE,SUCCESS,"Diterima pemilik",2.2,21000,Jakarta Pusat Hub,Bekasi Sortation Center,Kemeja Kantor,Pegawai Bank,"Metropolitan Mall, Bekasi, 17142",The Executive,0,PAID,"-6.24, 106.98"
a8b3c6d7-f7a8-b9c1-d2e3-f4a5b6c7d8e9,Rina Hartono,delivery,2025-06-30T10:40:00Z,2025-06-30T10:50:00Z,2025-06-30T11:20:00Z,,2025-07-01T15:00:00Z,ONGOING,,,,0.8,15000,Yogyakarta Hub,Sleman Branch,Stiker Custom,Komunitas Motor,"Jl. Monjali, Sleman, 55284",Sticker Jogja,0,PAID,"-7.75, 110.36"
b9c4d7e8-a8b9-c1d2-e3f4-a5b6c7d8e9f1,Siti Aminah,delivery,2025-06-30T14:30:00Z,2025-06-30T14:45:00Z,2025-06-30T15:15:00Z,2025-06-30T17:00:00Z,2025-06-30T17:30:00Z,DONE,FAILED,"Alamat salah",3.9,31000,Bandung Hub,Bandung Kota,Lampu Hias,Desainer Interior,"Jl. Karapitan No. 1, Bandung, 40261",Lampu Unik,0,PAID,"-6.92, 107.61"
11d5e8f9-b9c1-d2e3-f4a5-b6c7d8e9f1a2,Budi Santoso,delivery,2025-06-02T14:00:00Z,2025-06-02T14:15:00Z,2025-06-02T14:45:00Z,2025-06-02T16:30:00Z,2025-06-02T17:00:00Z,DONE,SUCCESS,"Diterima pemilik",4.1,31000,Jakarta Timur Hub,Cikarang Branch,Elektronik Dapur,Ibu Rumah Tangga,"Perumahan Orange County, Cikarang, 17530",Best Denki,0,PAID,"-6.33, 107.15"
22e6f9a1-c1d2-e3f4-a5b6-c7d8e9f1a2b3,Siti Aminah,delivery,2025-06-02T15:30:00Z,2025-06-02T15:40:00Z,2025-06-02T16:10:00Z,2025-06-02T18:00:00Z,2025-06-02T18:30:00Z,DONE,SUCCESS,"Diterima oleh anggota keluarga",0.5,13000,Bandung Hub,Bandung Kota,Buku Anak,Toko Buku Anak Pintar,"Jl. Sukajadi No. 137-139, Bandung, 40162",BIP,100000,COD,"-6.88, 107.59"
33f7a1b2-d2e3-f4a5-b6c7-d8e9f1a2b3c4,Eko Prasetyo,delivery,2025-06-03T08:45:00Z,2025-06-03T09:00:00Z,2025-06-03T09:30:00Z,2025-06-03T11:45:20Z,2025-06-03T12:00:00Z,DONE,SUCCESS,"Diterima pemilik",2.8,26000,Surabaya Main Hub,Surabaya Timur,Peralatan Fitness,Gym Mania,"Jl. Kertajaya Indah Timur, Surabaya, 60117",Fitplus,0,PAID,"-7.28, 112.77"
44a8b2c3-e3f4-a5b6-c7d8-e9f1a2b3c4d5,Rina Hartono,delivery,2025-06-03T11:20:10Z,2025-06-03T11:30:00Z,2025-06-03T12:00:00Z,2025-06-03T13:50:00Z,2025-06-03T14:00:00Z,DONE,FAILED,"Tidak ada orang di rumah",1.1,17000,Yogyakarta Hub,Sleman Branch,Pakaian Wanita,Butik Elegan,"Hartono Mall, Lt. 1, Sleman, 55281",Zara,0,PAID,"-7.76, 110.38"
55b9c3d4-f4a5-b6c7-d8e9-f1a2b3c4d5e6,Putu Wijaya,delivery,2025-06-04T10:00:00Z,2025-06-04T10:15:00Z,2025-06-04T10:45:00Z,2025-06-04T13:00:00Z,2025-06-04T14:00:00Z,DONE,SUCCESS,"Diterima pemilik",6.5,42000,Denpasar Hub,Tabanan Branch,Pupuk Pertanian,Kelompok Tani Subak,"Jl. Raya Denpasar-Gilimanuk, Tabanan, 82113",Toko Pertanian,0,PAID,"-8.53, 115.12"
66c1d4e5-a5b6-c7d8-e9f1-a2b3c4d5e6f7,Budi Santoso,delivery,2025-06-04T13:30:00Z,2025-06-04T13:40:00Z,2025-06-04T14:10:00Z,2025-06-04T15:45:50Z,2025-06-04T16:00:00Z,DONE,SUCCESS,"Diterima pemilik",0.9,16000,Jakarta Barat Hub,Jakarta Barat Hub,Kopi Sachet,Kantor Startup,"Gedung APL Tower, Central Park, 11470",Nescafe,0,PAID,"-6.17, 106.78"
77d2e5f6-b6c7-d8e9-f1a2-b3c4d5e6f7a8,Siti Aminah,delivery,2025-06-05T09:15:20Z,2025-06-05T09:30:00Z,2025-06-05T10:00:00Z,2025-06-05T12:10:00Z,2025-06-05T12:30:00Z,DONE,SUCCESS,"Diterima oleh anggota keluarga",2.0,20000,Bandung Hub,Cimahi Warehouse,Mainan Remote Control,Anak Laki-laki,"Jl. Sangkuriang, Cimahi, 40514",RC Hobby,450000,COD,"-6.86, 107.55"
88e3f6a7-c7d8-e9f1-a2b3-c4d5e6f7a8b9,Eko Prasetyo,delivery,2025-06-05T11:00:00Z,2025-06-05T11:10:00Z,2025-06-05T11:40:00Z,,2025-06-06T14:00:00Z,ONGOING,,,,15.2,58000,Surabaya Main Hub,Gresik Warehouse,Cat Tembok,Proyek Renovasi,"Jl. Dr. Wahidin Sudirohusodo, Gresik, 61111",Toko Cat Warna Warni,0,PAID,"-7.16, 112.66"
99f4a7b8-d8e9-f1a2-b3c4-d5e6f7a8b9c1,Rina Hartono,delivery,2025-06-06T10:30:00Z,2025-06-06T10:45:00Z,2025-06-06T11:15:00Z,2025-06-06T13:00:15Z,2025-06-06T13:30:00Z,DONE,SUCCESS,"Diterima pemilik",1.4,18000,Yogyakarta Hub,Yogyakarta Kota,Souvenir Pernikahan,Wedding Planner Pro,"Jogja Expo Center, Yogyakarta, 55198",Jogja Souvenir,0,PAID,"-7.81, 110.4"
00a5b8c9-e9f1-a2b3-c4d5-e6f7a8b9c1d2,Putu Wijaya,delivery,2025-06-06T14:00:00Z,2025-06-06T14:10:00Z,2025-06-06T14:40:00Z,2025-06-06T16:20:00Z,2025-06-06T17:00:00Z,DONE,FAILED,"Penerima menolak paket",3.1,30000,Denpasar Hub,Kuta Warehouse,Minuman Alkohol,Bar & Resto,"Jl. Legian, Kuta, 80361",Distributor Minuman,2500000,COD,"-8.71, 115.17"
11b6c9d1-f1a2-b3c4-d5e6-f7a8b9c1d2e3,Budi Santoso,delivery,2025-06-07T09:00:00Z,2025-06-07T09:15:00Z,2025-06-07T09:45:00Z,2025-06-07T11:15:00Z,2025-06-07T12:00:00Z,DONE,SUCCESS,"Diterima pemilik",2.2,21000,Jakarta Pusat Hub,Jakarta Utara Hub,Produk Kecantikan,Salon Cantik,"Mall Kelapa Gading, Jakarta Utara, 14240",L'Oreal,0,PAID,"-6.15, 106.9"
22c7d1e2-a2b3-c4d5-e6f7-a8b9c1d2e3f4,,delivery,2025-06-08T10:00:00Z,,,,2025-06-09T17:00:00Z,UNASSIGNED,,,,5.8,38000,Semarang Hub,Salatiga Branch,Peralatan Berkebun,Komunitas Hijau,"Jl. Diponegoro, Salatiga, 50711",Ace Hardware,0,PAID,"-7.33, 110.5"
33d8e2f3-b3c4-d5e6-f7a8-b9c1d2e3f4a5,Siti Aminah,delivery,2025-06-09T08:50:50Z,2025-06-09T09:00:00Z,2025-06-09T09:30:00Z,2025-06-09T11:20:00Z,2025-06-09T11:30:00Z,DONE,SUCCESS,"Diterima pemilik",1.0,16000,Bandung Hub,Bandung Kota,Kopi Arabika,Coffee Shop Hits,"Jl. Progo No. 22, Bandung, 40115",Starbucks,0,PAID,"-6.9, 107.61"
44e9f3a4-c4d5-e6f7-a8b9-c1d2e3f4a5b6,Eko Prasetyo,delivery,2025-06-09T10:40:00Z,2025-06-09T10:55:00Z,2025-06-09T11:25:00Z,2025-06-09T13:40:30Z,2025-06-09T14:00:00Z,DONE,FAILED,"Alamat tidak lengkap",3.6,30000,Surabaya Main Hub,Sidoarjo Branch,Ponsel,Pembeli Online,"Perumahan Puri Indah, Sidoarjo, 61252",Erafone,3500000,COD,"-7.48, 112.7"
55f1a4b5-d5e6-f7a8-b9c1-d2e3f4a5b6c7,Rina Hartono,delivery,2025-06-10T11:00:00Z,2025-06-10T11:10:00Z,2025-06-10T11:40:00Z,2025-06-10T13:15:00Z,2025-06-10T13:30:00Z,DONE,SUCCESS,"Diterima oleh anggota keluarga",0.8,15000,Yogyakarta Hub,Sleman Branch,Camilan,Mahasiswa Kost,"Jl. Kaliurang Km. 5, Sleman, 55281",Indomaret,50000,COD,"-7.75, 110.38"
66a2b5c6-e6f7-a8b9-c1d2-e3f4a5b6c7d8,Putu Wijaya,delivery,2025-06-10T14:20:20Z,2025-06-10T14:30:00Z,2025-06-10T15:00:00Z,2025-06-10T16:45:00Z,2025-06-10T17:00:00Z,DONE,SUCCESS,"Diterima pemilik",2.1,26000,Denpasar Hub,Sanur Branch,Bikini,Toko Pakaian Renang,"Jl. Danau Poso, Sanur, 80227",Quiksilver,0,PAID,"-8.7, 115.25"
77b3c6d7-f7a8-b9c1-d2e3-f4a5b6c7d8e9,Budi Santoso,delivery,2025-06-11T09:30:00Z,2025-06-11T09:40:00Z,2025-06-11T10:10:00Z,2025-06-11T12:00:00Z,2025-06-11T12:30:00Z,DONE,SUCCESS,"Ditaruh di resepsionis",1.3,18000,Jakarta Selatan Hub,Jakarta Selatan Hub,Majalah,Langganan Majalah,"WTC Mangga Dua, Jakarta Utara, 14430",Gramedia Majalah,0,PAID,"-6.13, 106.82"
88c4d7e8-a8b9-c1d2-e3f4-a5b6c7d8e9f1,Siti Aminah,delivery,2025-06-11T13:00:00Z,2025-06-11T13:10:00Z,2025-06-11T13:40:00Z,,2025-06-12T16:00:00Z,ONGOING,,,,4.0,32000,Bandung Hub,Lembang Branch,Sayuran Organik,Restoran Sehat,"Jl. Kolonel Masturi, Lembang, 40391",Kebun Organik,0,PAID,"-6.81, 107.59"
99d5e8f9-b9c1-d2e3-f4a5-b6c7d8e9f1a2,Eko Prasetyo,delivery,2025-06-12T10:00:00Z,2025-06-12T10:15:00Z,2025-06-12T10:45:00Z,2025-06-12T13:00:00Z,2025-06-12T13:30:00Z,DONE,SUCCESS,"Diterima pemilik",7.5,44000,Surabaya Main Hub,Mojokerto Branch,Keramik,Kontraktor Bangunan,"Jl. Gajah Mada, Mojokerto, 61312",Depo Bangunan,0,PAID,"-7.47, 112.44"
00e6f9a1-c1d2-e3f4-a5b6-c7d8e9f1a2b3,Rina Hartono,delivery,2025-06-12T14:45:00Z,2025-06-12T15:00:00Z,2025-06-12T15:30:00Z,2025-06-12T17:10:50Z,2025-06-12T17:30:00Z,DONE,FAILED,"Toko tutup",2.0,20000,Yogyakarta Hub,Solo Branch,Batik Tulis,Kolektor Batik,"Kampung Batik Laweyan, Solo, 57148",Batik Sido Mulyo,0,PAID,"-7.57, 110.8"
11f7a1b2-d2e3-f4a5-b6c7-d8e9f1a2b3c4,Budi Santoso,delivery,2025-06-13T09:00:00Z,2025-06-13T09:10:00Z,2025-06-13T09:40:00Z,2025-06-13T11:20:00Z,2025-06-13T11:30:00Z,DONE,SUCCESS,"Diterima pemilik",1.8,19000,Jakarta Pusat Hub,Bekasi Sortation Center,Peralatan Masak,Chef Bintang Lima,"Hotel Horison Bekasi, Bekasi, 17148",KitchenAid,0,PAID,"-6.24, 106.99"
22a8b2c3-e3f4-a5b6-c7d8-e9f1a2b3c4d5,Siti Aminah,delivery,2025-06-13T11:30:30Z,2025-06-13T11:45:00Z,2025-06-13T12:15:00Z,2025-06-13T14:30:00Z,2025-06-13T15:00:00Z,DONE,SUCCESS,"Diterima oleh anggota keluarga",3.2,28000,Bandung Hub,Soreang Warehouse,Perlengkapan Sekolah,Siswa SMA,"Jl. Al-Fathu, Soreang, 40911",Toko ATK Lengkap,220000,COD,"-7.03, 107.52"
33b9c3d4-f4a5-b6c7-d8e9-f1a2b3c4d5e6,Eko Prasetyo,delivery,2025-06-14T10:00:00Z,2025-06-14T10:10:00Z,2025-06-14T10:40:00Z,2025-06-14T12:30:00Z,2025-06-14T13:00:00Z,DONE,SUCCESS,"Diterima pemilik",4.5,33000,Surabaya Main Hub,Sidoarjo Branch,Sandal,Keluarga Bahagia,"Perumahan Deltasari, Sidoarjo, 61256",Carvil,0,PAID,"-7.36, 112.71"
44c1d4e5-a5b6-c7d8-e9f1-a2b3c4d5e6f7,Putu Wijaya,delivery,2025-06-15T11:00:00Z,2025-06-15T11:15:00Z,2025-06-15T11:45:00Z,2025-06-15T13:45:00Z,2025-06-15T14:00:00Z,DONE,SUCCESS,"Diterima pemilik",0.7,18000,Denpasar Hub,Ubud Branch,Minyak Esensial,Spa & Wellness,"Jl. Suweta, Ubud, 80571",Atsiri Shop,0,PAID,"-8.5, 115.26"
55d2e5f6-b6c7-d8e9-f1a2-b3c4d5e6f7a8,Budi Santoso,delivery,2025-06-16T09:00:00Z,2025-06-16T09:10:00Z,2025-06-16T09:40:00Z,2025-06-16T11:30:25Z,2025-06-16T12:00:00Z,DONE,SUCCESS,"Diterima pemilik",2.0,20000,Jakarta Timur Hub,Tangerang Hub,Aksesoris Mobil,Komunitas Otomotif,"Summarecon Mall Serpong, Tangerang, 15810",AutoZone,0,PAID,"-6.24, 106.63"
66e3f6a7-c7d8-e9f1-a2b3-c4d5e6f7a8b9,Siti Aminah,delivery,2025-06-16T10:50:00Z,2025-06-16T11:00:00Z,2025-06-16T11:30:00Z,2025-06-16T13:40:00Z,2025-06-16T14:00:00Z,DONE,FAILED,"Alamat tidak ditemukan",1.5,18000,Bandung Hub,Cimahi Warehouse,Hijab,Muslimah Fashion,"Jl. Gandawijaya, Cimahi, 40511",Elzatta,180000,COD,"-6.88, 107.54"
77f4a7b8-d8e9-f1a2-b3c4-d5e6f7a8b9c1,Eko Prasetyo,delivery,2025-06-17T09:20:45Z,2025-06-17T09:30:00Z,2025-06-17T10:00:00Z,2025-06-17T12:15:00Z,2025-06-17T12:30:00Z,DONE,SUCCESS,"Diterima oleh resepsionis kantor",3.3,29000,Surabaya Main Hub,Surabaya Barat,Printer,Kantor Firma Hukum,"Intiland Tower, Surabaya, 60271",HP Store,2500000,COD,"-7.26, 112.73"
88a5b8c9-e9f1-a2b3-c4d5-e6f7a8b9c1d2,Rina Hartono,delivery,2025-06-17T13:30:00Z,2025-06-17T13:45:00Z,2025-06-17T14:15:00Z,2025-06-17T15:45:00Z,2025-06-17T16:00:00Z,DONE,SUCCESS,"Diterima pemilik",0.6,14000,Yogyakarta Hub,Yogyakarta Kota,Kaos Oblong,Turis Lokal,"Jl. Dagen, Yogyakarta, 55271",Dagadu Djokdja,0,PAID,"-7.79, 110.36"
99b6c9d1-f1a2-b3c4-d5e6-f7a8b9c1d2e3,Budi Santoso,delivery,2025-06-18T08:40:10Z,2025-06-18T08:50:00Z,2025-06-18T09:20:00Z,2025-06-18T10:50:00Z,2025-06-18T11:00:00Z,DONE,SUCCESS,"Diterima pemilik",1.9,20000,Jakarta Pusat Hub,Jakarta Selatan Hub,Parfum Mewah, sosialita,"Pacific Place Mall, Jakarta, 12190",Dior,0,PAID,"-6.22, 106.81"
00c7d1e2-a2b3-c4d5-e6f7-a8b9c1d2e3f4,,delivery,2025-06-18T12:00:00Z,,,,2025-06-19T18:00:00Z,UNASSIGNED,,,,22.0,80000,Medan Hub,Pematangsiantar Branch,Genset,Pemilik Usaha,"Jl. Sutomo, Pematangsiantar, 21112",Krisbow,0,PAID,"2.96, 99.06"
11d8e2f3-b3c4-d5e6-f7a8-b9c1d2e3f4a5,Siti Aminah,delivery,2025-06-19T09:00:00Z,2025-06-19T09:15:00Z,2025-06-19T09:45:00Z,2025-06-19T11:50:30Z,2025-06-19T12:00:00Z,DONE,FAILED,"Penerima menolak paket",2.7,24000,Bandung Hub,Jatinangor Branch,Jaket Jeans,Mahasiswa Fashion,"Universitas Padjadjaran, Jatinangor, 45363",Levi's,750000,COD,"-6.93, 107.77"
22e9f3a4-c4d5-e6f7-a8b9-c1d2e3f4a5b6,Eko Prasetyo,delivery,2025-06-19T10:30:00Z,2025-06-19T10:40:00Z,2025-06-19T11:10:00Z,2025-06-19T13:20:00Z,2025-06-19T14:00:00Z,DONE,SUCCESS,"Diterima pemilik",5.2,36000,Surabaya Main Hub,Malang Branch,Blender,Ibu Dapur,"Jl. Kawi, Malang, 65116",Philips,0,PAID,"-7.98, 112.62"
33f1a4b5-d5e6-f7a8-b9c1-d2e3f4a5b6c7,Putu Wijaya,delivery,2025-06-20T11:15:00Z,2025-06-20T11:30:00Z,2025-06-20T12:00:00Z,2025-06-20T14:00:00Z,2025-06-20T14:30:00Z,DONE,SUCCESS,"Diterima pemilik",1.5,24000,Denpasar Hub,Seminyak Branch,Kain Pantai,Turis Eropa,"Jl. Petitenget, Seminyak, 80361",Toko Souvenir,0,PAID,"-8.66, 115.15"
44a2b5c6-e6f7-a8b9-c1d2-e3f4a5b6c7d8,Rina Hartono,delivery,2025-06-20T14:00:00Z,2025-06-20T14:15:00Z,2025-06-20T14:45:00Z,2025-06-20T16:15:00Z,2025-06-20T16:30:00Z,DONE,FAILED,"Alamat salah",0.9,16000,Yogyakarta Hub,Sleman Branch,Cokelat Monggo,Pecinta Cokelat,"Jl. Tirtodipuran, Yogyakarta, 55143",Cokelat Monggo,0,PAID,"-7.81, 110.36"
55b3c6d7-f7a8-b9c1-d2e3-f4a5b6c7d8e9,Budi Santoso,delivery,2025-06-21T09:45:00Z,2025-06-21T10:00:00Z,2025-06-21T10:30:00Z,2025-06-21T12:10:00Z,2025-06-21T12:30:00Z,DONE,SUCCESS,"Diterima pemilik",3.0,27000,Jakarta Timur Hub,Bekasi Sortation Center,Peralatan Listrik,Tukang Listrik,"Jl. Kalimalang, Bekasi, 17145",Kenari Djaja,0,PAID,"-6.26, 106.95"
66c4d7e8-a8b9-c1d2-e3f4-a5b6c7d8e9f1,Siti Aminah,delivery,2025-06-22T10:30:00Z,2025-06-22T10:40:00Z,2025-06-22T11:10:00Z,2025-06-22T13:00:00Z,2025-06-22T13:30:00Z,DONE,SUCCESS,"Diterima pemilik",2.1,21000,Bandung Hub,Lembang Branch,Keju,Produsen Pizza,"Jl. Maribaya, Lembang, 40391",Pizza Hut,0,PAID,"-6.81, 107.63"
77d5e8f9-b9c1-d2e3-f4a5-b6c7d8e9f1a2,Eko Prasetyo,delivery,2025-06-23T08:30:00Z,2025-06-23T08:45:00Z,2025-06-23T09:15:00Z,2025-06-23T11:20:40Z,2025-06-23T11:30:00Z,DONE,SUCCESS,"Diterima pemilik",6.0,39000,Surabaya Main Hub,Sidoarjo Branch,Rak Buku,Penerbit Buku,"Pergudangan Safe n Lock, Sidoarjo, 61252",Mizan,0,PAID,"-7.4, 112.7"
88e6f9a1-c1d2-e3f4-a5b6-c7d8e9f1a2b3,Rina Hartono,delivery,2025-06-23T10:15:00Z,2025-06-23T10:30:00Z,2025-06-23T11:00:00Z,,2025-06-24T14:00:00Z,ONGOING,,,,1.7,19000,Yogyakarta Hub,Magelang Branch,Gerabah,Pengrajin Lokal,"Desa Kasongan, Bantul, 55184",Kasongan Art,0,PAID,"-7.84, 110.33"
99f7a1b2-d2e3-f4a5-b6c7-d8e9f1a2b3c4,Putu Wijaya,delivery,2025-06-24T09:00:00Z,2025-06-24T09:10:00Z,2025-06-24T09:40:00Z,2025-06-24T11:30:00Z,2025-06-24T12:00:00Z,DONE,SUCCESS,"Diterima pemilik",2.8,29000,Denpasar Hub,Canggu Branch,Peralatan Yoga,Yoga Studio,"The Practice, Canggu, 80361",Lululemon,0,PAID,"-8.65, 115.13"
00a8b2c3-e3f4-a5b6-c7d8-e9f1a2b3c4d5,Budi Santoso,delivery,2025-06-24T11:00:00Z,2025-06-24T11:15:00Z,2025-06-24T11:45:00Z,2025-06-24T13:20:15Z,2025-06-24T13:30:00Z,DONE,FAILED,"Tidak ada orang di rumah",0.4,12000,Jakarta Selatan Hub,Depok Hub,Kabel Data,Mahasiswa UI,"Universitas Indonesia, Depok, 16424",Anker,80000,COD,"-6.36, 106.83"
11b9c3d4-f4a5-b6c7-d8e9-f1a2b3c4d5e6,Siti Aminah,delivery,2025-06-25T09:45:50Z,2025-06-25T10:00:00Z,2025-06-25T10:30:00Z,2025-06-25T12:40:00Z,2025-06-25T13:00:00Z,DONE,SUCCESS,"Diterima oleh anggota keluarga",4.2,32000,Bandung Hub,Garut Branch,Keripik,Pusat Jajanan,"Jl. Ahmad Yani, Garut, 44112",Maicih,0,PAID,"-7.21, 107.9"
22c1d4e5-a5b6-c7d8-e9f1-a2b3c4d5e6f7,Eko Prasetyo,delivery,2025-06-25T13:15:00Z,2025-06-25T13:30:00Z,2025-06-25T14:00:00Z,2025-06-25T16:00:00Z,2025-06-25T16:30:00Z,DONE,SUCCESS,"Ditaruh di resepsionis",2.1,24000,Surabaya Main Hub,Surabaya Barat,Suplemen Fitness,Atlet Binaraga,"Gold's Gym, Tunjungan Plaza, 60261",Scitec Nutrition,0,PAID,"-7.26, 112.74"
33d2e5f6-b6c7-d8e9-f1a2-b3c4d5e6f7a8,,delivery,2025-06-26T10:00:00Z,,,,2025-06-27T18:00:00Z,UNASSIGNED,,,,13.0,55000,Medan Hub,Berastagi Branch,Bibit Tanaman,Petani Sayur,"Jl. Jamin Ginting, Berastagi, 22153",Toko Tani Makmur,0,PAID,"3.18, 98.51"
44e3f6a7-c7d8-e9f1-a2b3-c4d5e6f7a8b9,Rina Hartono,delivery,2025-06-26T11:40:00Z,2025-06-26T11:55:00Z,2025-06-26T12:25:00Z,2025-06-26T14:10:00Z,2025-06-26T14:30:00Z,DONE,SUCCESS,"Diterima pemilik",1.6,19000,Yogyakarta Hub,Solo Branch,Kain Lurik,Desainer Mode,"Pasar Klewer, Solo, 57114",Lurik Paradise,0,PAID,"-7.57, 110.83"
55f4a7b8-d8e9-f1a2-b3c4-d5e6f7a8b9c1,Putu Wijaya,delivery,2025-06-27T09:20:00Z,2025-06-27T09:30:00Z,2025-06-27T10:00:00Z,2025-06-27T12:00:00Z,2025-06-27T12:30:00Z,DONE,FAILED,"Alamat tidak lengkap",3.8,34000,Denpasar Hub,Nusa Dua Branch,Handuk Hotel,Manajer Hotel,"The Ritz-Carlton, Nusa Dua, 80363",Supplier Hotel,0,PAID,"-8.83, 115.23"
66a5b8c9-e9f1-a2b3-c4d5-e6f7a8b9c1d2,Budi Santoso,delivery,2025-06-27T10:50:30Z,2025-06-27T11:00:00Z,2025-06-27T11:30:00Z,2025-06-27T13:05:00Z,2025-06-27T13:30:00Z,DONE,SUCCESS,"Diterima pemilik",0.7,15000,Jakarta Barat Hub,Jakarta Pusat Hub,Mouse Gaming,Anak Warnet,"Mangga Dua Mall, Jakarta, 10730",Logitech,400000,COD,"-6.14, 106.82"
77b6c9d1-f1a2-b3c4-d5e6-f7a8b9c1d2e3,Siti Aminah,delivery,2025-06-28T10:00:00Z,2025-06-28T10:15:00Z,2025-06-28T10:45:00Z,2025-06-28T12:30:00Z,2025-06-28T13:00:00Z,DONE,SUCCESS,"Diterima pemilik",1.3,18000,Bandung Hub,Bandung Kota,Kue Basah,Acara Keluarga,"Jl. Burangrang No. 15, Bandung, 40262",Kartika Sari,0,PAID,"-6.92, 107.62"
88c7d1e2-a2b3-c4d5-e6f7-a8b9c1d2e3f4,Eko Prasetyo,delivery,2025-06-29T10:30:00Z,2025-06-29T10:40:00Z,2025-06-29T11:10:00Z,2025-06-29T13:00:00Z,2025-06-29T13:30:00Z,DONE,SUCCESS,"Diterima pemilik",8.0,45000,Surabaya Main Hub,Sidoarjo Branch,Speaker Bluetooth,Pecinta Musik,"Lippo Plaza Sidoarjo, Sidoarjo, 61212",JBL Store,1800000,COD,"-7.44, 112.71"
99d8e2f3-b3c4-d5e6-f7a8-b9c1d2e3f4a5,Budi Santoso,delivery,2025-06-30T09:40:40Z,2025-06-30T09:50:00Z,2025-06-30T10:20:00Z,2025-06-30T12:00:00Z,2025-06-30T12:30:00Z,DONE,SUCCESS,"Diterima pemilik",2.4,22000,Jakarta Selatan Hub,Tangerang Selatan Hub,Jersey Bola,Fan Club Sepakbola,"AEON Mall BSD City, Tangerang, 15345",Nike Store,0,PAID,"-6.3, 106.65"
00e9f3a4-c4d5-e6f7-a8b9-c1d2e3f4a5b6,Siti Aminah,delivery,2025-06-30T11:20:00Z,2025-06-30T11:30:00Z,2025-06-30T12:00:00Z,2025-06-30T14:10:20Z,2025-06-30T14:30:00Z,DONE,FAILED,"Tidak ada orang di rumah",1.7,19000,Bandung Hub,Cimahi Warehouse,Sepatu Futsal,Tim Futsal,"Jl. Pojok, Cimahi, 40513",Specs,550000,COD,"-6.88, 107.53"
11f1a4b5-d5e6-f7a8-b9c1-d2e3f4a5b6c7,Eko Prasetyo,delivery,2025-06-30T14:00:00Z,2025-06-30T14:10:00Z,2025-06-30T14:40:00Z,,2025-07-01T17:00:00Z,ONGOING,,,,6.3,40000,Surabaya Main Hub,Malang Branch,Proyektor,Ruang Meeting Kantor,"Jl. Basuki Rahmat, Malang, 65112",Epson Center,0,PAID,"-7.98, 112.63"
